Link,Company,Title,Location,summary
https://www.jobkorea.co.kr/Recruit/GI_Read/40718988,㈜넌럭셔리어스컴퍼니,[파파이스 코리아] 매장관리자 채용(신입/경력/정규직),,
https://www.jobkorea.co.kr/Recruit/GI_Read/40725679,㈜창소프트아이앤아이,(주)창소프트아이앤아이 플랫폼본부 DevOps 엔지니어 채용공고,서울,"소프트웨어개발, 솔루션, 네트워크관리, 보안관리, 보안기술, 서버관리자, 서버구축"
https://www.jobkorea.co.kr/Recruit/GI_Read/40605246,바이온사이트,"DevOps, MLOps Engineer 채용",서울 외,"바이오, 의약, 시스템엔지니어, Python, 인공지능(AI), 빅데이터, 머신러닝(ML), 딥러닝, 바이오, 제약"
https://www.jobkorea.co.kr/Recruit/GI_Read/40658683,스위트케이,[스위트케이] DevOps 운영 시스템 엔지니어(SE) 모집,경기,"소프트웨어개발, 솔루션, BigData, SI, SM, 네트워크관리, 보안관리, 서버관리자, 서버구축, 시스템운영"
https://www.jobkorea.co.kr/Recruit/GI_Read/40759872,헬리오센,헬리오센(주) 서버 인프라 / DevOps 엔지니어 부문 채용,경기,"서버관리자, 서버구축, 시스템운영, Linux, Windows"
https://www.jobkorea.co.kr/Recruit/GI_Read/40860473,이벌브소프트,"[신입/경력][마곡/서초] S/W 개발직(형상관리, DevOps) 채용",서울,"리눅스, 테스터, QA, Java, Linux, Python"
https://www.jobkorea.co.kr/Recruit/GI_Read/40222755,엘앤벤처그룹,DevOps 엔지니어 신입 및 경력자 모집((주)립페이-서울 강남 근무),서울,"검증, 리눅스, QA, 데이터베이스, DBA, MySQL, SQL, 네트워크관리, 네트워크엔지니어, 보안관리, 서버구축, 시스템운영"
https://www.jobkorea.co.kr/Recruit/GI_Read/40290171,㈜미디어그룹사람과숲,"데이터 라벨러 채용 [구로, 재택근무 가능]",,
https://www.jobkorea.co.kr/Recruit/GI_Read/40718506,라온피플㈜,AI 플랫폼 DevOps 엔지니어 모집,경기,"소프트웨어개발, 솔루션, 네트워크관리, 보안관리"
https://www.jobkorea.co.kr/Recruit/GI_Read/40756847,㈜위메프오,[위메프오] DevOps Engineer,서울,"AWS, Azure, GCP, 소셜커머스, 쇼핑몰, 오픈마켓, 전자상거래, php, Python, 시스템분석, 시스템설계, 요구분석"
https://www.jobkorea.co.kr/Recruit/GI_Read/40852833,스톤아일랜드코리아㈜,스톤아일랜드코리아㈜ STORE/OFFICE 각 부문별 경력/신입 채용,,
https://www.jobkorea.co.kr/Recruit/GI_Read/40702424,캐시멜로,핀테크 기업 [캐시멜로] DevOps 개발자 채용(경력5년이상),서울,"모바일앱개발, 소프트웨어개발"
https://www.jobkorea.co.kr/Recruit/GI_Read/40764636,하몬소프트,클라우드 기반 DevOps 구축 개발자 채용,서울,"소프트웨어개발, 솔루션, BigData"
https://www.jobkorea.co.kr/Recruit/GI_Read/40854765,원텍㈜,글로벌 원텍(주)과 함께할 주인공을 찾습니다.,,
https://www.jobkorea.co.kr/Recruit/GI_Read/40579142,㈜네오넥스,"글로벌 거래소 플랫폼 개발자 채용 (Java Spring, Python, DevOps)",서울,"가상화폐, 거래소, 백엔드, 블록체인, 비트코인, 웹프론트, Kotlin, SPRING, 소프트웨어개발, 웹프로그래머, Java, Python, 안드로이드, Java"
https://www.jobkorea.co.kr/Recruit/GI_Read/40830571,아름다운가게,아름다운가게 2023년 상반기 상근활동가 모집,,
https://www.jobkorea.co.kr/Recruit/GI_Read/40890102,㈜그린카,2023년 각 부문 신입/경력 채용,,
https://www.jobkorea.co.kr/Recruit/GI_Read/40282228,㈜다날핀테크,다날핀테크 개발본부 DevOps 경력사원 모집,경기,"소프트웨어개발, 시스템운영, 시스템프로그래머, 시스템설계"
https://www.jobkorea.co.kr/Recruit/GI_Read/40883770,엘에스이모빌리티솔루션,2023년 1분기 부문별 신입/경력 수시채용,,
https://www.jobkorea.co.kr/Recruit/GI_Read/34208668,㈜우아한형제들,각 부문별 경력/신입 인재영입,,
https://www.jobkorea.co.kr/Recruit/GI_Read/40398389,디딤365㈜,클라우드 엔지니어 / DevOps / IT 인프라팀 / 서비스 보안 / 클라우드 호스팅 엔지니어,서울,"웹호스팅, IDC, 서버관리자, 서버구축, 시스템운영, Linux, Windows, 시스템엔지니어, Python, 인공지능(AI), 빅데이터"
https://www.jobkorea.co.kr/Recruit/GI_Read/40238585,㈜아이티언,데브옵스(DevOps) 엔지니어 채용,경기 외,"네트워크엔지니어, 보안관리, 보안기술"
https://www.jobkorea.co.kr/Recruit/GI_Read/40312042,이노그리드,[이노그리드] R&D 개발센터 경력 채용 DevOps팀,서울,"asp, SI"
https://www.jobkorea.co.kr/Recruit/GI_Read/40854328,기아㈜,각 부문 경력직 채용,,
https://www.jobkorea.co.kr/Recruit/GI_Read/40433777,㈜비에스지파트너스,[BSG] AWS SA. DBA. DevOps. 데이터엔지니어,서울,"IT컨설팅, ERP컨설턴트, 소프트웨어개발, 솔루션, asp, ERP, SM, SAP"
https://www.jobkorea.co.kr/Recruit/GI_Read/40705105,에이젠글로벌,[에이젠글로벌]DevOps Engineer,서울,"소프트웨어개발, 솔루션, 네트워크관리, 서버관리자, 서버구축, 시스템운영"
https://www.jobkorea.co.kr/Recruit/GI_Read/40532949,㈜아토이커머스,[잠실역 삼성SDS] DEVOPS솔루션 운영 및 기술지원 담당자 채용,서울,"소프트웨어개발, SI"
https://www.jobkorea.co.kr/Recruit/GI_Read/40236917,㈜테크에이스 솔루션,[경력]클라우드 DevOps 엔지니어,서울,"클라우드, AWS"
https://www.jobkorea.co.kr/Recruit/GI_Read/40886019,한국닛또덴꼬㈜,[일본계 기업] 2023년 신입사원 공개 채용 (기술영업 / 인사총무),,
https://www.jobkorea.co.kr/Recruit/GI_Read/40521795,㈜무하유,DevOps Engineer,서울,"소프트웨어개발, 네트워크관리, 네트워크엔지니어, 서버관리자, 시스템분석, 시스템엔지니어"
https://www.jobkorea.co.kr/Recruit/GI_Read/40817599,와디즈 주식회사,와디즈 소싱/영업 PD 카테고리별 집중 채용 (신입/경력),,
https://www.jobkorea.co.kr/Recruit/GI_Read/40880334,한화테크윈,웹SW개발부문 채용,경기,"DevOps, Back-end, Front-end, NODE.JS, HTML, MySQL, 아이폰, 안드로이드, Application, 웹접근성, 웹표준, 자바스크립트, CSS, 소프트웨어"
https://www.jobkorea.co.kr/Recruit/GI_Read/40551434,㈜델레오코리아,[델레오코리아] 플랫폼개발팀 DevOps 시스템 관리자,서울,"소프트웨어개발, 솔루션, SCM, Java, MySQL, API, Java, 유지보수"
https://www.jobkorea.co.kr/Recruit/GI_Read/40913047,㈜코이스,aT공사 공공사업 PL/PM급 채용 공고,서울,"광고기획, 광고대행, 광고디자인, 광고제작, 온라인광고, 데이터베이스, DBA, MS-SQL, SQL, Java, jsp, SQL, 안드로이드"
https://www.jobkorea.co.kr/Recruit/GI_Read/40930134,엘지유플러스,Backend Developer 상시 모집,서울,컨텐츠개발
https://www.jobkorea.co.kr/Recruit/GI_Read/40869186,㈜모스트애드,[광고대행사] 사무보조 직원모집,,
https://www.jobkorea.co.kr/Recruit/GI_Read/40532894,㈜데이터유니버스,[신입/경력] 백엔드 개발자 및 DevOps 개발자 채용 - 면접비 지원,서울,"웹 개발, Docker, Go, Kotlin, React, SWIFT, vue.js, ECMA script, 모바일앱개발, 소프트웨어개발, 솔루션, BigData, 웹프로그래머, HTML, MS-SQL, 웹접근성, 웹퍼블리셔, 소프트웨어"
https://www.jobkorea.co.kr/Recruit/GI_Read/40894057,더스킨팩토리,KUNDAL(쿤달) 2023년 1기 공채 모집,,
https://www.jobkorea.co.kr/Recruit/GI_Read/40880448,한화테크윈,웹SW개발부문 채용 (React Native App Engineer),경기,"DevOps, Back-end, Front-end, NODE.JS, HTML, MySQL, 아이폰, 안드로이드, Application, 웹접근성, 웹표준, 자바스크립트, CSS, 소프트웨어"
https://www.jobkorea.co.kr/Recruit/GI_Read/40377391,㈜케이비시스,(주)케이비시스 DevOps 엔지니어를 모집합니다.,서울,"소프트웨어개발, 솔루션, 서버구축, 시스템운영"
https://www.jobkorea.co.kr/Recruit/GI_Read/40880406,한화테크윈,웹SW개발부문 채용 (Node.js Back-end Engineer),경기,"DevOps, Back-end, Front-end, NODE.JS, HTML, MySQL, 아이폰, 안드로이드, Application, 웹접근성, 웹표준, 자바스크립트, CSS, 소프트웨어"
https://www.jobkorea.co.kr/Recruit/GI_Read/40467552,㈜다날,다날 PG 금융서비스기술 운영(신입/경력) 모집,경기,"DevOps, 개발, Docker, JavaScript, jenkins, PG, SPRING, 검증, 리눅스, 테스터, QA, Java, Java, Linux"
https://www.jobkorea.co.kr/Recruit/GI_Read/40565765,㈜케이티알파,[kt alpha] 모바일 커머스 프론트/백엔드 경력직 채용,서울,"DevOps, 백엔드기획, 백엔드개발, 프론트개발, 프론트기획, 플랫폼기획, GIT, golang, jquery, jstl, NODE.JS, Spring Framework, Vue, Python, Java"
https://www.jobkorea.co.kr/Recruit/GI_Read/40290143,이벌브소프트,[선택지원] 이벌브소프트 QA / Devops 운영(형상관리) 포지션 채용,서울 외,"검증, 리눅스, 테스터, QA, Java, C, C++, Linux"
https://www.jobkorea.co.kr/Recruit/GI_Read/40930224,엘지유플러스,Backend Developer 상시 모집 (클라우드 플랫폼팀),서울,컨텐츠개발
https://www.jobkorea.co.kr/Recruit/GI_Read/40124242,㈜엔디에스,농심NDS 클라우드 기술직 경력사원 채용,서울,"DevOps, SA, 마이그레이션, 클라우드, AWS, Azure, EC2, rds, 소프트웨어개발, 솔루션, DW, ERP, SI, DBA, 데이터마이닝, 웹프로그래머, Java, 응용프로그래머, Oracle, SQL"
https://www.jobkorea.co.kr/Recruit/GI_Read/40568083,베스핀글로벌㈜,Dev OS 서비스 개발자 영입,서울,"DevOps, 클라우드, IT컨설팅, Java"
https://www.jobkorea.co.kr/Recruit/GI_Read/40124070,베스핀글로벌㈜,SRE 담당자 영입,서울,"DevOps, 클라우드, PO, IT컨설팅, 서비스기획, Java"
https://www.jobkorea.co.kr/Recruit/GI_Read/40758644,우아한청년들,부문별 경력/신입 인재영입,,
https://www.jobkorea.co.kr/Recruit/GI_Read/40880364,한화테크윈,웹SW개발부문 채용 (Web Front-end Engineer),경기,"DevOps, Back-end, Front-end, NODE.JS, HTML, MySQL, 아이폰, 안드로이드, Application, 웹접근성, 웹표준, 자바스크립트, CSS, 소프트웨어"
https://www.jobkorea.co.kr/Recruit/GI_Read/40749967,네이버클라우드㈜,클라우드 Dev Tools 서비스 개발,경기 외,"DevOps, 상품개발, 클라우드, kubernetes, Typescript, 웹서비스기획, API, 자바스크립트"
https://www.jobkorea.co.kr/Recruit/GI_Read/40146207,FPT소프트웨어코리아㈜,[외국계/IT] 부문별 대규모 수시 채용(PM/Sales/UX/DevOps),서울,"모바일앱개발, 소프트웨어개발, 솔루션, SI, SM, 기술영업, 기술지원, 네트워크영업, 솔루션영업, 시스템영업, 모바일기획, 웹기획, 제안·컨설팅, PM, 유지보수, 소프트웨어"
https://www.jobkorea.co.kr/Recruit/GI_Read/40894175,파이낸셜데이타시스템,2023년 파이낸셜데이타시스템 금융IT 신입/경력자 채용,,
https://www.jobkorea.co.kr/Recruit/GI_Read/40721704,㈜ABB코리아,[ABB 코리아] 각 부문 채용,,
https://www.jobkorea.co.kr/Recruit/GI_Read/40856839,코오롱그룹,2023년 코오롱그룹 1월 정기공채,,
https://www.jobkorea.co.kr/Recruit/GI_Read/40562855,캐롯손해보험㈜,부문별 경력/신입 대규모 채용,,
https://www.jobkorea.co.kr/Recruit/GI_Read/40880164,화이트정보통신㈜,R&D 연구책임자 / PM 및 PL을 모십니다.,서울,"SI, SM, 커스터마이징, PL, TA, 소프트웨어개발, 솔루션, ERP, SI, SM, 경영기획, 경영혁신, 기획, 기획조사, 변화관리, PM, Java, jsp, MS-SQL, 시스템분석, 시스템설계, 요구분석, DBA, PM, 소프트웨어"
https://www.jobkorea.co.kr/Recruit/GI_Read/40817440,㈜대우에스티,[대우건설자회사] 2023년 부문별 공개채용(공사/품질/생산/영업/기획/인사),,
https://www.jobkorea.co.kr/Recruit/GI_Read/40888009,메가스터디교육㈜,초중등사업본부 엘리하이/엠베스트 경력직 채용,,
https://www.jobkorea.co.kr/Recruit/GI_Read/40945827,한화테크윈(주),한화테크윈 경력 및 계약직 채용,경기,"모바일앱개발, 소프트웨어개발, 솔루션, BigData, 사업기획, 결산, 경리, 관리회계, 급여관리, 세무, 전산회계, 전표입력, 판매관리, 내부통제, 재무, 재무기획, 재무회계, Oracle, 데이터마이닝, 네트워크엔지니어, 시스템운영, 웹기획, 웹서비스기획, 웹프로그래머, HDML, Java, MySQL, Python, SQL, 아이폰, 안드로이드, 응용프로그래머, Application, C, C#, C++, Java, Linux, Oracle, Python, 시스템프로그래머, 인공지능(AI), 빅데이터, 사물인터넷(IoT), 머신러닝(ML), 데이터분석, 유지보수, 하드웨어, 기계, 기능직, 생산직, 설비, 제조"
https://www.jobkorea.co.kr/Recruit/GI_Read/40894175,파이낸셜데이타시스템,2023년 파이낸셜데이타시스템 금융IT 신입/경력자 채용,,
https://www.jobkorea.co.kr/Recruit/GI_Read/40932862,한진정보통신㈜,[한진정보통신] 한진그룹 DevOps Engineer 모집,서울,"DevOps, 소프트웨어개발, 솔루션, ERP, SM, Java, jsp, MySQL, php, SQL, Java, Oracle, Python, SQL, WAS"
https://www.jobkorea.co.kr/Recruit/GI_Read/40880424,한화테크윈,웹SW개발부문 채용 (DevOps Engineer),경기,"DevOps, Back-end, Front-end, NODE.JS, HTML, MySQL, 아이폰, 안드로이드, Application, 웹접근성, 웹표준, 자바스크립트, CSS, 소프트웨어"
https://www.jobkorea.co.kr/Recruit/GI_Read/40703036,메가존클라우드㈜,"VDI,HashiCorp 기술전문가(VDI Engineer, DevOps, Sales 등)",서울,"DevOps, Cloud, enterprise, Product Engineer, presales, VDI, Support Engineer, VDI Engineer, Hashicorp, 소프트웨어개발, 솔루션, 네트워크엔지니어, 서버구축, Linux, 시스템분석, 시스템설계, 시스템엔지니어"
https://www.jobkorea.co.kr/Recruit/GI_Read/40568084,베스핀글로벌㈜,DevOps 서비스 상품 기획/관리 담당자 영입,서울,"DevOps, 클라우드, PO, IT컨설팅, 서비스기획, Java"
https://www.jobkorea.co.kr/Recruit/GI_Read/40894379,플레이오토,[플레이오토] 데브옵스(DevOps) 엔지니어(신입/5년 이하 경력),서울,"DevOps, AWS, 솔루션, 네트워크관리, 보안관리, 서버관리자, Linux"
https://www.jobkorea.co.kr/Recruit/GI_Read/40929458,엘지유플러스,DevOps Engineer 상시 모집,서울,컨텐츠개발
https://www.jobkorea.co.kr/Recruit/GI_Read/40702974,메가존클라우드㈜,Hybrid&AI Platform Cloud (개발/Elastic/Sales/DevOps) 채용,서울,"소프트웨어개발, 솔루션, 네트워크관리, 보안관리, 보안기술, 서버관리자, 서버구축, 시스템운영, 정보보안, 웹프로그래머, 웹접근성, 웹퍼블리셔, 웹표준, CSS, HTML코딩, UI·UX, Python, 인공지능(AI), 빅데이터, 딥러닝, 데이터분석"
https://www.jobkorea.co.kr/Recruit/GI_Read/40702963,메가존클라우드㈜,Tanzu Platform Architect (Pre-Sales/K8s/DevOps) 채용,서울,"소프트웨어개발, 솔루션, 보안관리, 서버관리자, 시스템운영, 정보보안, Cisco, 응용프로그래머, C, C#, C++, Java, 유지보수, 펌웨어, DSP, 소프트웨어"
https://www.jobkorea.co.kr/Recruit/GI_Read/40929505,엘지유플러스,DevOps Engineer 상시 모집 (UCube 개발 TF),서울,컨텐츠개발
https://www.jobkorea.co.kr/Recruit/GI_Read/40929493,엘지유플러스,DevOps Engineer 상시 모집 (디지털 통신 개발팀),서울,컨텐츠개발
https://www.jobkorea.co.kr/Recruit/GI_Read/40929476,엘지유플러스,DevOps Engineer 상시 모집 (신규 서비스 개발팀),서울,컨텐츠개발
https://www.jobkorea.co.kr/Recruit/GI_Read/40703042,메가존클라우드㈜,"Azure, GCP 기술 전문가(SA, Game, DevOps 등) 채용",서울,"Azure, Cloud, GCP, 소프트웨어개발, 솔루션, 네트워크엔지니어, 서버구축, 정보보안, Linux, Windows, MS-SQL, Python, 응용프로그래머, API, Linux, Python, WAS"
https://www.jobkorea.co.kr/Recruit/GI_Read/40155866,㈜KB데이타시스템,DevOps 개발,서울,"DevOps, 소프트웨어개발, 솔루션, SM, 웹프로그래머, Python"
https://www.jobkorea.co.kr/Recruit/GI_Read/40703146,메가존클라우드㈜,DevOps 운영 시스템 엔지니어(SE) 채용,서울,"소프트웨어개발, 솔루션, 시스템운영, Application, 시스템분석, 시스템설계, 시스템엔지니어, 요구분석"
https://www.jobkorea.co.kr/Recruit/GI_Read/40774845,용마로지스㈜,"23년 1월, 각 부문별 신입 및 경력 채용",,
https://www.jobkorea.co.kr/Recruit/GI_Read/40758644,우아한청년들,부문별 경력/신입 인재영입,,
https://www.jobkorea.co.kr/Recruit/GI_Read/40838415,쿠팡 주식회사,쿠팡친구(쿠팡맨)채용 (월400가능/주5일/연차15일/배달/배송),,
https://www.jobkorea.co.kr/Recruit/GI_Read/40868071,㈜유피케미칼,(주)유피케미칼 신입/경력 공개채용,,
https://www.jobkorea.co.kr/Recruit/GI_Read/40856772,새마을금고중앙회,새마을금고중앙회 경력직원 수시채용,,
https://www.jobkorea.co.kr/Recruit/GI_Read/40767224,베스핀글로벌㈜,DevOps 개발자(Back-End/Front-End) 영입,서울,"클라우드, IT컨설팅, Java, MS-SQL, MySQL, Python, API"
https://www.jobkorea.co.kr/Recruit/GI_Read/40806049,지엘컴퍼니(GLC),"계약서작성 및 관리 직원모집(연봉 5,500만 이상)",,
https://www.jobkorea.co.kr/Recruit/GI_Read/40894057,더스킨팩토리,KUNDAL(쿤달) 2023년 1기 공채 모집,,
https://www.jobkorea.co.kr/Recruit/GI_Read/40866381,㈜호텔롯데 롯데리조트,"(주)호텔롯데(리조트부문) 대규모 신입/경력 채용(경영관리,총무,MICE,예약,식음,조리,분양)",,
https://www.jobkorea.co.kr/Recruit/GI_Read/40718988,㈜넌럭셔리어스컴퍼니,[파파이스 코리아] 매장관리자 채용(신입/경력/정규직),,
https://www.jobkorea.co.kr/Recruit/GI_Read/40819802,㈜네오위즈,[네오위즈] 클라우드 인프라 (DevOps) 엔지니어 (전문연구요원),경기,"DevOps, 인프라, 클라우드, 게임기획, 게임디자인, 게임마케팅"
https://www.jobkorea.co.kr/Recruit/GI_Read/40789934,더치트주식회사,클라우드 시스템 엔지니어 / 데브옵스 엔지니어 / DevOps Engineer,서울,"인터넷금융, 데이터마이닝, 모델링, 인공지능(AI), 빅데이터, 머신러닝(ML), 딥러닝, 데이터분석"
https://www.jobkorea.co.kr/Recruit/GI_Read/40757216,엘지유플러스,아이들나라 SRE DevOps 엔지니어 상시 모집,서울,컨텐츠개발
https://www.jobkorea.co.kr/Recruit/GI_Read/40626799,티맵모빌리티㈜,[티맵모빌리티] 개발자 모집 (Client/Flutter/Backend/Frontend/QA/DevOps),서울,네트웍구축
https://www.jobkorea.co.kr/Recruit/GI_Read/40764265,주식회사 위메이드,블록체인 DevOps 전문 엔지니어,경기,"3D온라인게임, 모바일앱게임, 무선게임, 웹게임, RPG, 게임기획, 클라이언트개발, 서버관리자, 시스템운영, Java"
https://www.jobkorea.co.kr/Recruit/GI_Read/40401664,데브시스터즈㈜,[데브시스터즈] [DevPlay] Platform Server Software Engineer,서울,"게임개발, 모바일게임, 서버"
https://www.jobkorea.co.kr/Recruit/GI_Read/40888009,메가스터디교육㈜,초중등사업본부 엘리하이/엠베스트 경력직 채용,,
https://www.jobkorea.co.kr/Recruit/GI_Read/40260212,㈜비타소프트,클라우드 관련 지식을 갖춘 포털사이트 개발자,서울,"모바일앱개발, 소프트웨어개발, BigData, ERP, SI, AJAX, Java, Python, SQL, 병역특례, API, Java, Python, 정보통신·IT"
https://www.jobkorea.co.kr/Recruit/GI_Read/40688261,굿에이치알,[방배] Senior Backend Engineer - Python,서울,"DevOps, Python, Backend, django, 헤드헌팅, Python, Python, Python"
https://www.jobkorea.co.kr/Recruit/GI_Read/40932787,SK텔레콤,구독 커머스 플랫폼 백엔드 기획자,서울,"웹서비스기획, 컨텐츠개발"
https://www.jobkorea.co.kr/Recruit/GI_Read/40869186,㈜모스트애드,[광고대행사] 사무보조 직원모집,,
https://www.jobkorea.co.kr/Recruit/GI_Read/40889099,교원그룹,교원그룹 1월 신입/경력 정기 수시채용,,
https://www.jobkorea.co.kr/Recruit/GI_Read/40806709,메가존㈜,"[메가존] 미디어플랫폼 MSA 전환 프로젝트 F/E,B/E 개발 직무 채용",서울,"DevOps, CI/CD, JPA, kafka, MSA, Redis, React, spring boot, QueryDSL, Spring Cloud, 쿠버네티스, Git&Github, AWS EKS, 모바일앱개발, 소프트웨어개발, BI, BigData, Java"
https://www.jobkorea.co.kr/Recruit/GI_Read/40718093,㈜에스엘플랫폼,에스엘플랫폼(신영그룹 계열사) 백엔드 개발자 채용,서울,"부동산관리, 웹기획, 웹서비스기획, UI·UX"
https://www.jobkorea.co.kr/Recruit/GI_Read/40838413,쿠팡 주식회사,전국 플렉스 어시스턴트(현장 운영/관리) 대규모 채용,,
https://www.jobkorea.co.kr/Recruit/GI_Read/40868722,현대오토에버㈜,2023년 1분기 현대오토에버 신입/경력사원 대규모 채용,,
https://www.jobkorea.co.kr/Recruit/GI_Read/40721704,㈜ABB코리아,[ABB 코리아] 각 부문 채용,,
https://www.jobkorea.co.kr/Recruit/GI_Read/40806049,지엘컴퍼니(GLC),"계약서작성 및 관리 직원모집(연봉 5,500만 이상)",,
https://www.jobkorea.co.kr/Recruit/GI_Read/40716272,11번가㈜,1월 Frontend 개발 분야 모집,서울,컨텐츠개발
https://www.jobkorea.co.kr/Recruit/GI_Read/40194681,㈜대교,(주)대교 디지털서비스부문 직무별 상시채용,서울,"학습지, 웹서비스기획, 제안·컨설팅, 컨텐츠기획, PM, UI설계, HDML, Java, jsp, MySQL, SQL, 웹퍼블리셔, 자바스크립트, HTML코딩, UI·UX"
https://www.jobkorea.co.kr/Recruit/GI_Read/40802121,천일식품㈜,2023년 상반기 공채 모집요강,,
https://www.jobkorea.co.kr/Recruit/GI_Read/40650794,데브시스터즈㈜,[데브시스터즈] 웹 백엔드 소프트웨어 엔지니어,서울,"백엔드, AWS, GIT, kubernetes, NODE.JS, rdb, Typescript, graphql, Linux, 웹프로그래머, Unix"
https://www.jobkorea.co.kr/Recruit/GI_Read/40496103,11번가㈜,빅데이터 처리 시스템 개발 분야 모집,서울,"SQL, Java, Python, 빅데이터, 하둡(Hadoop), Spark, Hive, R"
https://www.jobkorea.co.kr/Recruit/GI_Read/40641920,㈜라라스테이션,라이브커머스 Android Developer 채용,서울,"DevOps, AWS, Android, CI/CD, Google Play, layout, Kotlin, OpenAPI, sdk, sprint, 소프트웨어개발, 하드웨어, 안드로이드, Java, 소프트웨어"
https://www.jobkorea.co.kr/Recruit/GI_Read/40155961,㈜KB데이타시스템,클라우드 아키텍쳐 개발,서울,"아키텍처, 클라우드, 클라우드 아키텍처, AWS, GCP, 소프트웨어개발, 솔루션, SM, 웹프로그래머"
https://www.jobkorea.co.kr/Recruit/GI_Read/40823269,㈜아이엔지스토리,2023년 INGSTORY 개발팀 대규모 공개 채용,서울,"DevOps, 백엔드, 클라우드, AWS, Back End, cache, codeigniter, CPP, Data structure, GIT, GCP, JavaScript, MariaDB, NoSQL, NODE.JS, PHP Framework, Serial, rdb, rds, Redis, Rest API, RDBMS, React, spring boot, SVN, Socket, TCP/IP, Youtube, Flutter, Auroa, 점포개발, 프랜차이즈, DBA, MySQL, SQL, 네트워크관리, 네트워크엔지니어, 보안관리, 서버관리자, 서버구축, 시스템운영, 모바일기획, 사용자평가, 스토리보드, 웹서비스기획, PM, .NET, 웹프로그래머, Java, jsp, MS-SQL, MySQL, php, Python, SQL, 아이폰, 응용프로그래머, 플래시APP, Application, C#, C#Builder, Java, Python, SQL, CSS3, HTML5, DBA"
https://www.jobkorea.co.kr/Recruit/GI_Read/40806534,메가존㈜,[메가존] 미디어플랫폼 사업 개발 팀장 채용,서울,"DevOps, CI/CD, JPA, kafka, MSA, Redis, React, spring boot, QueryDSL, Spring Cloud, 쿠버네티스, Git&Github, AWS EKS, 모바일앱개발, 소프트웨어개발, BI, BigData, Java"
https://www.jobkorea.co.kr/Recruit/GI_Read/40910300,포인트정보기술,[용인] Graphic 백엔드 웹시스템 운영 (Java),경기,"DevOps, AWS, SM, Java"
https://www.jobkorea.co.kr/Recruit/GI_Read/40806672,메가존㈜,[메가존] 미디어플랫폼 MSA 전환 프로젝트 분석/설계 직무 채용,서울,"DevOps, CI/CD, JPA, kafka, MSA, Redis, React, spring boot, QueryDSL, Spring Cloud, 쿠버네티스, Git&Github, AWS EKS, 모바일앱개발, 소프트웨어개발, BI, BigData, Java"
https://www.jobkorea.co.kr/Recruit/GI_Read/40806570,메가존㈜,[메가존] 미디어플랫폼 MSA 전환 프로젝트 AA 직무 채용,서울,"DevOps, CI/CD, JPA, kafka, MSA, Redis, React, spring boot, QueryDSL, Spring Cloud, 쿠버네티스, Git&Github, AWS EKS, 모바일앱개발, 소프트웨어개발, BI, BigData, Java"
https://www.jobkorea.co.kr/Recruit/GI_Read/40895460,파킹클라우드㈜,[파킹클라우드] 웹 프론트엔드 개발자 채용(상시 일반 채용 및 장애인 채용),서울,"DevOps, 개발, 프론트엔드, angular, Back-end, RESTful API, TypeScrip, vue.js, vuejs, HTML, Java, 웹접근성, 웹표준, CSS"
https://www.jobkorea.co.kr/Recruit/GI_Read/40130643,홈플러스㈜,[홈플러스 정규직] 대형매장/물류센터 시설안전관리자 채용,,
https://www.jobkorea.co.kr/Recruit/GI_Read/40883770,엘에스이모빌리티솔루션,2023년 1분기 부문별 신입/경력 수시채용,,
https://www.jobkorea.co.kr/Recruit/GI_Read/40806609,메가존㈜,[메가존] 미디어플랫폼 MSA 전환 프로젝트 PM 직무 채용,서울,"DevOps, CI/CD, JPA, kafka, MSA, Redis, React, spring boot, QueryDSL, Spring Cloud, 쿠버네티스, Git&Github, AWS EKS, 모바일앱개발, 소프트웨어개발, BI, BigData, Java"
https://www.jobkorea.co.kr/Recruit/GI_Read/40826096,㈜디앤에스에버,[블록체인 플랫폼] 데브옵스/클라우드/인프라 엔지니어 (AWS),서울,"DevOps, AWS, Cloud, INFRA, 모바일앱개발, 소프트웨어개발, 네트워크관리, 방화벽, 서버관리자, 서버구축, Linux"
https://www.jobkorea.co.kr/Recruit/GI_Read/40890019,대한유화㈜,2023 대한유화 대졸 신입사원 채용,,
https://www.jobkorea.co.kr/Recruit/GI_Read/40887521,㈜미디움,[기술본부] DevOps Engineer 모집,서울,"CI, CD, CI/CD, Docker, Metric, kubemetes, 소프트웨어개발, 데이터베이스, DBA, DW, MS-SQL, MySQL, C, C++, Unix, WAS"
https://www.jobkorea.co.kr/Recruit/GI_Read/40906796,㈜듀얼오스,"체계적인 DevOps환경에서 웹 애플리케이션 개발(JAVA, Nodejs, JSP)",서울 외,"소프트웨어개발, 솔루션, 웹프로그래머, Java, jsp, MySQL, Python"
https://www.jobkorea.co.kr/Recruit/GI_Read/40620095,㈜크래프톤,[Engineering Div.] Sr. Publishing DevOps - Software Engineer (3년 이상),서울,"블루홀, 크래프톤, 펍지, Python, C#, Java"
https://www.jobkorea.co.kr/Recruit/GI_Read/40868047,삼정데이타서비스㈜,삼정데이타서비스에서 DevOps SW 엔지니어를 모십니다.,서울,"네트웍구축, 웹호스팅, IDC, 소프트웨어"
https://www.jobkorea.co.kr/Recruit/GI_Read/40419681,㈜인스웨이브시스템즈,데브옵스 DevOps 엔지니어 경력 사원 모집,서울,"소프트웨어개발, 솔루션, 네트워크관리, 네트워크엔지니어, 서버관리자, 시스템운영, 유지보수, 하드웨어, 소프트웨어"
https://www.jobkorea.co.kr/Recruit/GI_Read/40787623,포시즌스호텔서울,[포시즌스호텔서울] 부문별 신입 및 경력 채용,,
https://www.jobkorea.co.kr/Recruit/GI_Read/40703065,메가존클라우드㈜,Platform Service (개발/AA/Engineer/DevOps 등) 채용,서울,"소프트웨어개발, 솔루션, SQL, 웹프로그래머, Java, Python, SQL, Application, Java, Python, SQL, Python, 인공지능(AI), 빅데이터, 사물인터넷(IoT), 데이터분석"
https://www.jobkorea.co.kr/Recruit/GI_Read/40869186,㈜모스트애드,[광고대행사] 사무보조 직원모집,,
https://www.jobkorea.co.kr/Recruit/GI_Read/40165075,㈜플래티어,코스닥 상장사 ㈜플래티어 IDT 부문 DevOps 솔루션 엔지니어 채용,서울,"모바일앱개발, 소프트웨어개발, 솔루션, Java, Linux"
https://www.jobkorea.co.kr/Recruit/GI_Read/40691376,현대에이치티㈜,[보라매역/상장사] 현대에이치티(주) DevOps팀,서울,"네트워크관리, 네트워크엔지니어, 서버관리자, 시스템운영, Linux, 시스템분석, 시스템엔지니어, 유지보수"
https://www.jobkorea.co.kr/Recruit/GI_Read/40857798,서울특별시학교안전공제회,일반직(8급) 경력직원 채용,,
https://www.jobkorea.co.kr/Recruit/GI_Read/40350208,노티플러스,[(주)노티플러스] DevOps 엔지니어 경력 모집,서울,"DevOps, 인프라, AWS Cloud, DBMS, ISMS, 컨텐츠, 포털, 네트워크엔지니어, 보안관리, 보안기술, 시스템운영, 정보보안"
https://www.jobkorea.co.kr/Recruit/GI_Read/40336460,미스터카멜,[미스터카멜(Mr.Camel)] DevOps Engineer 채용,서울,"DevOps, AWS, Data Analysis, ElasticSearch, Redis, selenium, SQS, Socket, Web Crawling, grafana, ElasticCloud, 소프트웨어개발, 솔루션, 전자상거래, MySQL, C#"
https://www.jobkorea.co.kr/Recruit/GI_Read/40826194,㈜렌딧,[LENDIT] DevOps Engineer,서울,"금융, 네트워크관리, 보안관리, 서버구축, 시스템운영, Linux, 유지보수"
https://www.jobkorea.co.kr/Recruit/GI_Read/40874147,㈜넥슨스페이스,넥슨스페이스 경영지원(복지/총무) 신입 채용,,
https://www.jobkorea.co.kr/Recruit/GI_Read/40687508,한진정보통신㈜,[한진정보통신] 대한항공 CI/CD(DevOps)운영 담당자 모집,서울,"소프트웨어개발, 솔루션, ERP, SM, MySQL, OCP, OLAP, Oracle, 데이터마이닝, Java, MiPlatform, MySQL, php, Python, Java, Oracle, Python, SQL, Unix"
https://www.jobkorea.co.kr/Recruit/GI_Read/40887272,㈜파괴연구소,카카오계열 : 파괴연구소 우린 에어팟 끼고 일해요,,
https://www.jobkorea.co.kr/Recruit/GI_Read/40944619,미디움,DevOps Engineer 모집 (신입/경력),서울,"DevOps, AWS, Cloud, EC2, CICD, 소프트웨어개발, 솔루션, 데이터베이스, DB2, MS-SQL, MySQL, SQL, 네트워크관리, 네트워크엔지니어, 서버관리자, Linux, 소프트웨어"
https://www.jobkorea.co.kr/Recruit/GI_Read/40313285,브랜디,[브랜디] 데브옵스 엔지니어 (DevOps Engineer),서울,"DevOps, 데브옵스, 컨테이너, AWS, Cloud, Terraform, 네트워크관리, 서버관리자, 서버구축, 시스템운영, Linux, Python, Embedded, Linux, Python"
https://www.jobkorea.co.kr/Recruit/GI_Read/40290171,㈜미디어그룹사람과숲,"데이터 라벨러 채용 [구로, 재택근무 가능]",,
https://www.jobkorea.co.kr/Recruit/GI_Read/40404734,엘지유플러스,Cloud기술 경력사원 상시 모집 - DevOps,서울,"서버구축, 컨텐츠개발"
https://www.jobkorea.co.kr/Recruit/GI_Read/40714347,㈜크래프톤,전직군 경력/신입 인재영입,,
https://www.jobkorea.co.kr/Recruit/GI_Read/40756425,오비오주식회사,DevOps/시스템 엔지니어 채용(전산팀),경기,"DevOps, 시스템 엔지니어"
https://www.jobkorea.co.kr/Recruit/GI_Read/40817440,㈜대우에스티,[대우건설자회사] 2023년 부문별 공개채용(공사/품질/생산/영업/기획/인사),,
https://www.jobkorea.co.kr/Recruit/GI_Read/40856772,새마을금고중앙회,새마을금고중앙회 경력직원 수시채용,,
https://www.jobkorea.co.kr/Recruit/GI_Read/40792443,위썸,DevOps 개발 엔지니어,서울,"소프트웨어개발, SI, SM, 웹프로그래머, Java, jsp, Servlet"
https://www.jobkorea.co.kr/Recruit/GI_Read/40807748,㈜두들린,[그리팅] DevOps 엔지니어 (Senior),서울,"소프트웨어개발, 소프트웨어"
https://www.jobkorea.co.kr/Recruit/GI_Read/40311717,소프트캠프㈜,"보안SW 품질관리 담당자 모집 (DevOps팀 / 신입, 경력자)",경기,보안소프트웨어
https://www.jobkorea.co.kr/Recruit/GI_Read/40311730,소프트캠프㈜,"보안SW 개발자 모집 (DevOps팀 / 신입, 경력자)",경기,보안소프트웨어
https://www.jobkorea.co.kr/Recruit/GI_Read/40888009,메가스터디교육㈜,초중등사업본부 엘리하이/엠베스트 경력직 채용,,
https://www.jobkorea.co.kr/Recruit/GI_Read/40928034,㈜웰데이타시스템,"[AWS, KT, Naver 클라우드 매니지드/ 기술운영/ Linux 시스템엔지니어/ 서버관리] 채용",경기,"솔루션, WAS, 네트웍구축, 통신, IDC, 데이터베이스, DBA, MySQL, SQL, 데이터마이닝, 네트워크관리, 네트워크엔지니어, 서버관리자, 시스템운영, Linux"
https://www.jobkorea.co.kr/Recruit/GI_Read/40923154,㈜위고컴퍼니,풀스텍(Full Stack Developer)개발자 정규직 모집,서울,"소프트웨어개발, 웹프로그래머, Python, Ruby"
https://www.jobkorea.co.kr/Recruit/GI_Read/40947253,미디움,블록체인 코어 개발자 모집 (신입/경력),서울,"AWS, Docker, GIT, github, golang, 소프트웨어개발, 솔루션, 데이터베이스, DBA, MS-SQL, MySQL, SQL, Java, API, Java, Linux, WAS"
https://www.jobkorea.co.kr/Recruit/GI_Read/40909452,㈜블랙탠저린,[패션 커머스 스타트업] 앱 개발자 (flutter&dart),서울,"앱개발, 모바일, 모바일App, 아이폰, 안드로이드, 아이폰, 안드로이드"
https://www.jobkorea.co.kr/Recruit/GI_Read/40909451,㈜블랙탠저린,[패션 커머스 스타트업] 백엔드 개발자 (node.js&typescript),서울,"모바일, 백앤드, 모바일, 모바일App, 아이폰, 안드로이드, 웹프로그래머"
https://www.jobkorea.co.kr/Recruit/GI_Read/40937791,에스피테크놀러지㈜,Cloud 관리 솔루션 프리세일즈 모집,서울,"소프트웨어개발, 솔루션업체, 시스템관리, SI시스템통합, 모바일앱개발, 소프트웨어개발, 솔루션, SI, 솔루션영업"
https://www.jobkorea.co.kr/Recruit/GI_Read/40856839,코오롱그룹,2023년 코오롱그룹 1월 정기공채,,
https://www.jobkorea.co.kr/Recruit/GI_Read/40922197,한국축산데이터,Backend Engineer 모집 (경력),서울,Python
https://www.jobkorea.co.kr/Recruit/GI_Read/40949416,메르세데스벤츠코리아㈜,[메르세데스 벤츠 코리아] Korean NLU developer for MBUX voice system(R&D) (ID: MER00029QK),서울,"자동차, R&D"
https://www.jobkorea.co.kr/Recruit/GI_Read/40937168,㈜오래,[제로아이즈] 서버 백엔드 개발자,부산 외,"NODE.JS, Typescript, IT개발·데이터, 백엔드/서버개발, 모바일앱개발, 소프트웨어개발, 솔루션"
https://www.jobkorea.co.kr/Recruit/GI_Read/40307171,㈜딥엑스,(주)딥엑스 Compiler Engineer [병역특례 포함],경기,"DevOps, HTML, Linux, Python, Docker, Jira, 반도체, ASIC, Microprocessor, SoC, Application, C#, C++, Linux, Python, 임베디드, 펌웨어"
https://www.jobkorea.co.kr/Recruit/GI_Read/40937870,에스피테크놀러지㈜,Cloud 솔루션 기획 업무 담당자 모집,서울,"소프트웨어개발, 솔루션업체, 시스템관리, SI시스템통합, 모바일앱개발, 소프트웨어개발, 솔루션, SI, 웹서비스기획"
https://www.jobkorea.co.kr/Recruit/GI_Read/40935976,㈜듀얼오스,"클라우드 서비스 기획자 채용(기획 및 테스트, 국내 및 국제표준 개발)",서울,"모바일앱개발, 소프트웨어개발, 솔루션, 기획, 서비스기획, Linux, Unix, Windows, 모바일기획, 사용자평가, 스토리보드, 웹기획, UI설계"
https://www.jobkorea.co.kr/Recruit/GI_Read/40922187,한국축산데이터,Product Manager 모집 (신입/경력),서울,"모바일기획, 웹기획, 웹서비스기획, PM"
https://www.jobkorea.co.kr/Recruit/GI_Read/40939014,㈜제이투이,"[JAVA SM 금융 교대역] OO캐피탈 신규 홈페이지 운영, devon 기반 Spring F/W 운영 장기, 중급 프리랜서, 교대역 강남 서초......(4)",서울,"SM, 프리랜서, DevOn, JavaScript, Spring F/W, Spring Framework, SpringF/W, SM, Java, MySQL, 자바스크립트"
https://www.jobkorea.co.kr/Recruit/GI_Read/40890019,대한유화㈜,2023 대한유화 대졸 신입사원 채용,,
https://www.jobkorea.co.kr/Recruit/GI_Read/40938019,㈜우영씨앤씨,"카드,은행.캐피탈사 SI,SM JAVA,JSP,JAVASCRIPT,JQUERY",서울,"SI, SM, Java, jsp, Java"
https://www.jobkorea.co.kr/Recruit/GI_Read/40890771,㈜농협사료,"6급, 사료기술직 및 연봉직(계약직) 채용",,
https://www.jobkorea.co.kr/Recruit/GI_Read/40883710,㈜JYP엔터테인먼트,2023년 1분기 JYP엔터테인먼트 공개 채용,,
https://www.jobkorea.co.kr/Recruit/GI_Read/40228061,그로윈㈜,"오픈소스 엔지니어 모집(리눅스,시스템엔지니어)",서울,"DevOps, 리눅스, 가상화, 기술엔지니어, 오픈스택, 클라우드, Cloud, kubernetes, OpenStack, OS, 쿠버네티스, 소프트웨어개발, Linux, 시스템엔지니어, 유지보수, 소프트웨어"
https://www.jobkorea.co.kr/Recruit/GI_Read/40881024,삼성엔지니어링,[삼성엔지니어링] 23년 1월 분야별 PJT계약직 경력채용 공고(사업/설계/시공/안전보건/현장관리),,
https://www.jobkorea.co.kr/Recruit/GI_Read/40890044,㈜블루버드,각 부문 채용(해외영업/국내영업/Vertical 영업/마케팅/구매/MES/자재관리/외주생산관리),,
https://www.jobkorea.co.kr/Recruit/GI_Read/40856274,목원대학교,2023학년도 목원대학교 신규직원 채용 공고,,
https://www.jobkorea.co.kr/Recruit/GI_Read/40306815,㈜딥엑스,RTL 기반 HW IP 설계 엔지니어 [병역특례 포함],경기,"DevOps, HTML, Linux, Python, Docker, Jira, 반도체, ASIC, Microprocessor, SoC, Application, C#, C++, Linux, Python, 임베디드, 펌웨어"
https://www.jobkorea.co.kr/Recruit/GI_Read/40888156,한국주택금융공사,2023년도 상반기 체험형인턴 등 채용공고,,
https://www.jobkorea.co.kr/Recruit/GI_Read/40307065,㈜딥엑스,(주)딥엑스 NPU Architect [병역특례 포함],경기,"DevOps, HTML, Linux, Python, Docker, Jira, 반도체, ASIC, Microprocessor, SoC, Application, C#, C++, Linux, Python, 임베디드, 펌웨어"
https://www.jobkorea.co.kr/Recruit/GI_Read/40306979,㈜딥엑스,(주)딥엑스 SoC ASIC 설계 엔지니어 [병역특례 포함],경기,"DevOps, HTML, Linux, Python, Docker, Jira, 반도체, ASIC, Microprocessor, SoC, Application, C#, C++, Linux, Python, 임베디드, 펌웨어"
https://www.jobkorea.co.kr/Recruit/GI_Read/40219808,㈜투썬플랫폼,[디에고 사업부문] 백엔드 개발(Node.js) 경력 채용,경기,"DevOps, 백엔드, JavaScript, kafka, MSA, Nodejs, Redis, Typescript, kuvernetes, 인터넷교육, 커뮤니티, 데이터베이스, 웹프로그래머"
https://www.jobkorea.co.kr/Recruit/GI_Read/40702023,㈜엔씨소프트,엔씨소프트 부문별 수시 채용,,
https://www.jobkorea.co.kr/Recruit/GI_Read/40862514,(재)씨젠의료재단,2023년도 상반기 (재)씨젠의료재단 인턴사원 채용,,
https://www.jobkorea.co.kr/Recruit/GI_Read/40856718,교보생명보험(주),FY2023 상반기 경력사원 채용 (1차),서울,"서비스기획, 컨설팅, SQL, 데이터엔지니어, 디자인기획, 백엔드, 상품개발, 클라우드, AWS, CISA, GA, ISMS-P, DT전략, 마케팅, 마케팅기획, 브랜딩, CRM, 보안관리, 보안관제, 보안기술, 정보보안, Application, Oracle, 웹퍼블리셔, 자바스크립트, UI·UX, 빅데이터, 세무사, CFA"
https://www.jobkorea.co.kr/Recruit/GI_Read/40821570,㈜데이타솔루션,개발자 신입·경력사원 채용 공고,서울,"모바일앱개발, 소프트웨어개발, 솔루션, asp, BI, 데이터베이스, MySQL, SQL, Java"
https://www.jobkorea.co.kr/Recruit/GI_Read/40857641,교보생명보험(주),FY2023 상반기 경력사원 채용 (1차) - 클라우드 개발,서울,"서비스기획, 컨설팅, SQL, 데이터엔지니어, 디자인기획, 백엔드, 상품개발, 클라우드, AWS, CISA, GA, ISMS-P, DT전략, 마케팅, 마케팅기획, 브랜딩, CRM, 보안관리, 보안관제, 보안기술, 정보보안, Application, Oracle, 웹퍼블리셔, 자바스크립트, UI·UX, 빅데이터, 세무사, CFA"
https://www.jobkorea.co.kr/Recruit/GI_Read/40874474,㈜피씨디렉트,"2023년 상반기 피씨디렉트 각 부문 채용(회계/사무, 마케팅, 기술지원)",,
https://www.jobkorea.co.kr/Recruit/GI_Read/40768265,㈜한국생활건강,2023년 상반기 각 부문 신입/경력사원 모집,,
https://www.jobkorea.co.kr/Recruit/GI_Read/40854765,원텍㈜,글로벌 원텍(주)과 함께할 주인공을 찾습니다.,,
https://www.jobkorea.co.kr/Recruit/GI_Read/40912851,메가존클라우드㈜,AWS 시스템 엔지니어 System Management,서울,"소프트웨어개발, 솔루션, 네트워크관리, 네트워크엔지니어, 보안관제, 서버관리자, 시스템운영, Application, Linux, Python, Windows, Python"
https://www.jobkorea.co.kr/Recruit/GI_Read/40807439,㈜우양,각 부문별 정규직 사원 모집 - (산업안전보건/생산관리/생산OP/물류지원/물류/공무/환경관리부),,
https://www.jobkorea.co.kr/Recruit/GI_Read/40817448,㈜아모레퍼시픽,23년 경력채용 - Cloud System Engineer,서울,시스템운영
https://www.jobkorea.co.kr/Recruit/GI_Read/40702023,㈜엔씨소프트,엔씨소프트 부문별 수시 채용,,
https://www.jobkorea.co.kr/Recruit/GI_Read/40895372,엘지유플러스,CXM엔지니어 경력사원 채용,서울,시스템엔지니어
https://www.jobkorea.co.kr/Recruit/GI_Read/40718988,㈜넌럭셔리어스컴퍼니,[파파이스 코리아] 매장관리자 채용(신입/경력/정규직),,
https://www.jobkorea.co.kr/Recruit/GI_Read/40248594,㈜우아한형제들,[B-Robotics] 각 부문별 인재영입,,
https://www.jobkorea.co.kr/Recruit/GI_Read/40890019,대한유화㈜,2023 대한유화 대졸 신입사원 채용,,
https://www.jobkorea.co.kr/Recruit/GI_Read/40272738,GS건설㈜,[경력] Prefab/건축/견적/전기/설비/안전/데이터센터,,
https://www.jobkorea.co.kr/Recruit/GI_Read/40804398,패스트파이브,[패스트파이브] 퍼블릭 클라우드 프리 세일즈,서울,"부동산개발, 부동산관리, 부동산서비스, 부동산중개, 부동산컨설팅, 기술영업"
https://www.jobkorea.co.kr/Recruit/GI_Read/40881044,넷마블,[넷마블] 업무시스템 담당자 모집,서울,"게임개발, 게임운영관리, 시스템엔지니어, PM"
https://www.jobkorea.co.kr/Recruit/GI_Read/40801955,네이버랩스,[Robotics] Robotics Software Engineer,경기,소프트웨어
https://www.jobkorea.co.kr/Recruit/GI_Read/40755222,베스핀글로벌㈜,클라우드 보안 아키텍쳐 (Cloud Security Architecture)영입,서울,"IT컨설팅, 네트워크엔지니어, 보안관리, 보안기술, 서버구축, 시스템운영"
https://www.jobkorea.co.kr/Recruit/GI_Read/40880451,메가존클라우드㈜,NewRelic 사업 부문(Tech/Sales등) 채용,서울,"소프트웨어개발, 솔루션, 기술영업, 기술지원, 네트워크영업, 솔루션영업, 시스템영업, 소프트웨어"
https://www.jobkorea.co.kr/Recruit/GI_Read/40868332,에스제이더블유인터내셔널,[시원스쿨] 웹개발자(PHP) 채용,서울,"웹개발, Java, MySQL, php, SQL"
https://www.jobkorea.co.kr/Recruit/GI_Read/40777985,㈜핸디소프트,소프트웨어 통합 테스트 및 품질관리 - QA 경력자 모집,경기,"소프트웨어개발, 솔루션, 검증, 리눅스, 유닉스, 테스터, QA"
https://www.jobkorea.co.kr/Recruit/GI_Read/40864299,㈜CJ올리브네트웍스,[경력] SW Tech R&D 리더,서울,소프트웨어
https://www.jobkorea.co.kr/Recruit/GI_Read/40880407,메가존클라우드㈜,Datadog 사업 부문(Tech/Sales 등) 채용,서울,"소프트웨어개발, 솔루션, 기술영업, 기술지원, 네트워크영업, 솔루션영업, SQL, 소프트웨어"
https://www.jobkorea.co.kr/Recruit/GI_Read/40777546,㈜핸디소프트,클라우드개발/제품개발/JAVA 개발 경력 채용,경기,"소프트웨어개발, 솔루션, 웹프로그래머, HTML, Java, jsp, 응용프로그래머, Java"
https://www.jobkorea.co.kr/Recruit/GI_Read/40755218,베스핀글로벌㈜,Azure SA(Solution Arcitect) 영입,서울,"SA, Azure, IT컨설팅, Linux, Linux, Python, SQL, WAS"
https://www.jobkorea.co.kr/Recruit/GI_Read/40870910,㈜동아사이언스,풀스택 개발자(경력) 채용,서울,"Java, MySQL, php"
https://www.jobkorea.co.kr/Recruit/GI_Read/40486898,현대오토에버㈜,"디지털채널부문 경력 채용(웹/앱PM, CDN운영PL, F/E개발, B/E개발)",서울,"소프트웨어개발, SM, PM, HTML, Java, jsp, MiPlatform, MS-SQL, 웹표준, 자바스크립트, CSS, CSS3, HTML코딩"
https://www.jobkorea.co.kr/Recruit/GI_Read/40775978,카페24㈜,[데이터그룹] 데이터플랫폼 개발자 모집,서울,"솔루션, 전자상거래, 자동화, Kotlin, NoSQL, rdb, springboot, K8s, 쇼핑몰, 오픈마켓, 전자상거래, 데이터베이스, DBA, 데이터분석, 로봇·자동화"
https://www.jobkorea.co.kr/Recruit/GI_Read/40861512,이노시스㈜,이노시스㈜ 2023년 1분기 채용,,
https://www.jobkorea.co.kr/Recruit/GI_Read/40726800,(주)넷앤드,솔루션 기술본부 신입/경력 엔지니어 채용,서울,"DevOps, 솔루션엔지니어, 운영 관리자, Linux관리자, 솔루션, 시스템엔지니어"
https://www.jobkorea.co.kr/Recruit/GI_Read/40723061,그리드,Infra Developer 채용 모집,경기 외,"DevOps, 데이터엔지니어, 인프라, AWS, Docker, GIT, 메타버스"
https://www.jobkorea.co.kr/Recruit/GI_Read/40908345,엘스(else),경력 BackEnd 개발자 - 연봉 4000 이상,서울,"DevOps, AWS, Docker, kubernetes, Redis, RDBMS, springboot, MySQL, php, Linux"
https://www.jobkorea.co.kr/Recruit/GI_Read/40913113,㈜투썬플랫폼,[챌린지사업부문] 플랫폼 백엔드 개발자 채용,경기,"DevOps, 백엔드, 웹개발, codeigniter, JavaScript, jquery, Laravel framework, restful, React, vue.js, 모바일앱개발, 소프트웨어개발, Java, php, 자바스크립트"
https://www.jobkorea.co.kr/Recruit/GI_Read/40720857,㈜뉴인,iOS Developer 채용 모집,서울 외,"DevOps, 백앤드, AWS, Back End, CI/CD, DynamoDB, Elastic Search, front end, JavaScript, MSA, Node, NODE.JS, React, Typescript, graphql, Serverless, 솔루션, SQL, 웹프로그래머, php, SQL, API, SQL, 자바스크립트, CSS, 자바스크립트, CSS"
https://www.jobkorea.co.kr/Recruit/GI_Read/40839417,메가존㈜,[메가존] 클라우드네이티브 JAVA 개발 경력직 채용,서울,"DevOps, CI/CD, JPA, kafka, MSA, Redis, React, spring boot, QueryDSL, Spring Cloud, 쿠버네티스, Git&Github, AWS EKS, 모바일앱개발, 소프트웨어개발, BI, BigData, Java"
https://www.jobkorea.co.kr/Recruit/GI_Read/40916888,에스피테크놀러지㈜,AR/VR 개발자 채용,서울 외,"DevOps, 백엔드, 프론트엔드, AR, AWS, Cloud, MariaDB, SPRING, vr, ASURE, 모바일앱개발, 소프트웨어개발, 솔루션, SI, MySQL, Oracle, API, Java, Linux"
https://www.jobkorea.co.kr/Recruit/GI_Read/40838413,쿠팡 주식회사,전국 플렉스 어시스턴트(현장 운영/관리) 대규모 채용,,
https://www.jobkorea.co.kr/Recruit/GI_Read/40219644,에스피테크놀러지㈜,Cloud사업본부 내 각 분야 개발자 및 구축/운영 담당자 모집,서울 외,"DevOps, 백엔드, 프론트엔드, AR, AWS, Cloud, MariaDB, SPRING, vr, ASURE, 모바일앱개발, 소프트웨어개발, 솔루션, SI, MySQL, Oracle, API, Java, Linux"
https://www.jobkorea.co.kr/Recruit/GI_Read/40769472,카오스큐브,"백앤드, 프론트앤드 개발자 채용",서울 외,"DevOps, vue.js, WSS, DBA, MySQL, Java, MySQL, UI·UX"
https://www.jobkorea.co.kr/Recruit/GI_Read/40894057,더스킨팩토리,KUNDAL(쿤달) 2023년 1기 공채 모집,,
https://www.jobkorea.co.kr/Recruit/GI_Read/40852833,스톤아일랜드코리아㈜,스톤아일랜드코리아㈜ STORE/OFFICE 각 부문별 경력/신입 채용,,
https://www.jobkorea.co.kr/Recruit/GI_Read/40883710,㈜JYP엔터테인먼트,2023년 1분기 JYP엔터테인먼트 공개 채용,,
https://www.jobkorea.co.kr/Recruit/GI_Read/40718676,㈜코리아폴리스쿨,SE(시스템 엔지니어) 경력자 채용,서울,"DevOps, 데브옵스, 시스템 엔지니어, SE, 교재제작, 어학원, 영어학원, 유아교육, 컨텐츠개발, 서버관리자"
https://www.jobkorea.co.kr/Recruit/GI_Read/40830571,아름다운가게,아름다운가게 2023년 상반기 상근활동가 모집,,
https://www.jobkorea.co.kr/Recruit/GI_Read/40308008,㈜딥엑스,(주)딥엑스 System SW Engineer [병역특례 포함],경기,"DevOps, HTML, Linux, Python, Docker, Jira, 반도체, ASIC, Microprocessor, SoC, Application, C#, C++, Linux, Python, 임베디드, 펌웨어"
https://www.jobkorea.co.kr/Recruit/GI_Read/40720848,㈜뉴인,Frontend Developer 채용,서울 외,"DevOps, AWS, CI/CD, Elastic Search, front end, JavaScript, MSA, Node, NODE.JS, React, Typescript, Flutter, 솔루션, 웹프로그래머, HTML, API, 웹표준, 자바스크립트, CSS, HTML5, HTML코딩, 자바스크립트, CSS"
https://www.jobkorea.co.kr/Recruit/GI_Read/40807439,㈜우양,각 부문별 정규직 사원 모집 - (산업안전보건/생산관리/생산OP/물류지원/물류/공무/환경관리부),,
https://www.jobkorea.co.kr/Recruit/GI_Read/40718988,㈜넌럭셔리어스컴퍼니,[파파이스 코리아] 매장관리자 채용(신입/경력/정규직),,
https://www.jobkorea.co.kr/Recruit/GI_Read/40694626,도구공간,[자율주행 로봇 개발 스타트업] 시스템 엔지니어 채용 (보충역 편입 가능),서울,"DevOps, 인프라, GIT, Ubuntu, SE(시스템엔지니어), 메카트로닉스, C, C++, Linux, Python"
https://www.jobkorea.co.kr/Recruit/GI_Read/40358185,엠에이치큐,[ i.M 택시 ] 서버 개발자 경력 채용,서울,"DevOps, Rest API, SPRING, 모바일앱개발, 소프트웨어개발, 솔루션, BI, 서버관리자, 서버구축, 시스템운영, API, Java"
https://www.jobkorea.co.kr/Recruit/GI_Read/40486367,누리어시스템,[인덕원역] 금융권 인터넷뱅킹 IT 운영(SM) 개발자 채용,경기 외,"DevOps, SM, Eclipse, JavaScript, 솔루션, SI, SM, Oracle, Java, jsp"
https://www.jobkorea.co.kr/Recruit/GI_Read/40313581,두레삼쩜영㈜,클라우드 플랫폼 개발 및 어플리케이션 현대화 엔지니어/리더/아키텍터 모십니다.,서울 외,"DevOps, 클라우드, 앱 현대화"
https://www.jobkorea.co.kr/Recruit/GI_Read/40562855,캐롯손해보험㈜,부문별 경력/신입 대규모 채용,서울 외,"DevOps, 자동차보험, 건강보험, 경영관리, 대물보상, 대인보상, 리스크관리, 손익관리, 일반보험, 프론트엔드, Agile, Akka, Architect, Back-end, FRM, FrameWork, IFRS17, ISMS, JVM, SCRUM, UI/UX, UI·UX디자인, 대인보상기획, 인프라AA, 손해보험, 손해사정, 자동차보험, 정보보안, 모바일, 모바일App, 경영기획, 변화관리, 사업제휴, 신규사업·BD, 법무, 사무행정, 송무, 인허가업무, 마케팅, 마케팅기획, 시장분석, 업무제휴, 상품기획, 신상품개발, 개인고객영업, 법인고객영업, 보험설계, 보험영업, 고객관리, 영업관리, 영업지원, 보험, 아웃바운드TM, 고객상담, 고객지원, 보험회사, 인바운드TM, 고객관리, 제품홍보, 테스터, QA, Windows, 네트워크엔지니어, 서버관리자, 정보보안, Windows, 안드로이드, C, C++, Java, SQL, 시스템분석, 요구분석, 튜닝, DBA, Python, 빅데이터, 머신러닝(ML), tensorflow, 데이터분석, 보험심사·청구, 손해사정, 보상, 보험심사, 보험계리사, 언더라이팅"
https://www.jobkorea.co.kr/Recruit/GI_Read/40308065,㈜딥엑스,(주)딥엑스 DNN 모델 개발 엔지니어 [병역특례 포함],경기,"DevOps, HTML, Linux, Python, Docker, Jira, 반도체, ASIC, Microprocessor, SoC, Application, C#, C++, Linux, Python, 임베디드, 펌웨어"
https://www.jobkorea.co.kr/Recruit/GI_Read/40774845,용마로지스㈜,"23년 1월, 각 부문별 신입 및 경력 채용",,
https://www.jobkorea.co.kr/Recruit/GI_Read/40248594,㈜우아한형제들,[B-Robotics] 각 부문별 인재영입,,
https://www.jobkorea.co.kr/Recruit/GI_Read/40720834,㈜뉴인,Backend Developer 채용,서울 외,"DevOps, 백앤드, AWS, Back End, CI/CD, DynamoDB, Elastic Search, front end, JavaScript, Kotlin, MSA, Node, NODE.JS, React, SPRING, Typescript, Serverless, 솔루션, MySQL, SQL, 웹프로그래머, MySQL, php, SQL, API"
https://www.jobkorea.co.kr/Recruit/GI_Read/40313973,㈜퓨처젠 씨플래닛,[퓨처젠 씨플래닛] Cloud/PaaS 엔지니어 모집,서울,"DevOps, Cloud, Container, Docker, Iaas, kubernetes, OpenShift, PaaS, Linux, 소프트웨어"
https://www.jobkorea.co.kr/Recruit/GI_Read/40751230,네이버클라우드㈜,빅데이터 분석 플랫폼 엔지니어,경기 외,빅데이터
https://www.jobkorea.co.kr/Recruit/GI_Read/40877005,㈜파라다이스세가사미,파라다이스시티 대규모 공개채용 (신입/경력),,
https://www.jobkorea.co.kr/Recruit/GI_Read/40767223,베스핀글로벌㈜,금융 보안 컨설턴트 영입,서울,"금융 보안, 보안 컨설팅, 클라우드 보안, IT컨설팅, 보안관리, 시스템운영"
https://www.jobkorea.co.kr/Recruit/GI_Read/40756973,엘지유플러스,아이들나라 DBA 상시 모집,서울,DBA
https://www.jobkorea.co.kr/Recruit/GI_Read/40721002,패스트파이브,[패스트파이브] 퍼블릭 클라우드 솔루션 아키텍트(SA),서울,"부동산개발, 부동산관리, 부동산서비스, 부동산중개, 부동산컨설팅, 네트워크엔지니어"
https://www.jobkorea.co.kr/Recruit/GI_Read/40637578,한진정보통신㈜,[한진정보통신] 대한항공 프로젝트 Fullstack 개발자 모집,서울,"소프트웨어개발, 솔루션, ERP, SM, HTML, Java, mHTML, Python, Java, Linux, Oracle, Python, SQL, CSS"
https://www.jobkorea.co.kr/Recruit/GI_Read/40823005,현대자동차㈜,현대자동차 연구개발본부 Tech Recruiting (채용/인재확보/인재영입),,
https://www.jobkorea.co.kr/Recruit/GI_Read/40861512,이노시스㈜,이노시스㈜ 2023년 1분기 채용,,
https://www.jobkorea.co.kr/Recruit/GI_Read/40888507,㈜지니뮤직,[지니뮤직] 콘텐츠사업팀 채용 (정규직),,
https://www.jobkorea.co.kr/Recruit/GI_Read/40702573,메가존클라우드㈜,글로벌 클라우드(Tech/Sales 등) 채용,서울,"소프트웨어개발, 솔루션, 경영혁신, 기획, 기획조사, 변화관리, 사업기획, 서비스기획, 신규사업·BD, 전략, 조직관리, 타당성분석, 가맹점관리, 고객관리, 영업기획, 영업지원, SQL, SQL"
https://www.jobkorea.co.kr/Recruit/GI_Read/40702583,메가존클라우드㈜,"IT평생교육원(홍보마케팅,강사) 채용",서울,"소프트웨어개발, 솔루션, 마케팅, 마케팅기획, 소셜미디어, 데이터베이스, HTML, Java, jsp, 프로그램강의"
https://www.jobkorea.co.kr/Recruit/GI_Read/40588500,베스핀글로벌㈜,클라우드 보안 엔지니어 영입,서울,"IT컨설팅, 네트워크엔지니어, 보안관리, 서버구축, 시스템운영, 정보보안"
https://www.jobkorea.co.kr/Recruit/GI_Read/40670787,더이앤엠,"기술개발부 퍼블리셔,ASP,JAVA,모바일 외 각 부문 인재 모집",서울,"서비스개발, 프론트엔드, 플랫폼, Backend, frontend, JavaScript, node. js, 인터넷방송, 엔터테인먼트사, 소셜네트워크서비스(SNS), 인터넷방송, 모바일, 모바일App, 스마트폰, 아이폰, 안드로이드, 데이터베이스, DB2, DBA, DW, MS-SQL, MySQL, OCP, OLAP, Oracle, SQL, Sybase, 데이터마이닝, Linux, 모바일기획, 사용자평가, 웹기획, 웹서비스기획, 정보설계, 제안·컨설팅, 컨텐츠기획, 통계·로그분석, PM, UI설계, 웹프로그래머, asp, ASP.NET, HTML, Java, jsp, MiPlatform, MS-SQL, SQL, 응용프로그래머, 전산전공, API, ASP.NET, C++, Java, Linux, SQL, 시스템프로그래머, 웹접근성, 웹퍼블리셔, 웹표준, 자바스크립트, CSS, CSS3, HTML5, HTML코딩, UI·UX, 시스템설계, 요구분석, DBA, PM, 데이터분석"
https://www.jobkorea.co.kr/Recruit/GI_Read/40702596,메가존클라우드㈜,Strategic Tech Center (Cloud) 채용,서울,"소프트웨어개발, 솔루션, 아이폰, 안드로이드, 응용프로그래머, 시스템분석, 시스템설계, 요구분석"
https://www.jobkorea.co.kr/Recruit/GI_Read/34208668,㈜우아한형제들,각 부문별 경력/신입 인재영입,,
https://www.jobkorea.co.kr/Recruit/GI_Read/40702331,㈜CJ올리브네트웍스,[경력] QA팀 리더,서울,QA
https://www.jobkorea.co.kr/Recruit/GI_Read/40702984,메가존클라우드㈜,"DevRel, 직무 교육 전문가(Learning&Development 등) 채용",서울,"마케팅기획, DR, Developer Relation, DevRel, 소프트웨어개발, 솔루션, 교육, 교육기획, HRD, 모바일기획, 웹기획, 웹서비스기획, 컨텐츠기획, 컨텐츠개발, 컨텐츠관리"
https://www.jobkorea.co.kr/Recruit/GI_Read/40674536,엘지유플러스,아이들나라 SRE 보안 엔지니어 상시 모집,서울,"보안관리, 정보보안"
https://www.jobkorea.co.kr/Recruit/GI_Read/40670769,더이앤엠,2023년 각 부문 신입/경력 채용,서울,"인터넷 방송, 클라우드, 프론트엔드, 플랫폼 운영, AWS, AOS, IOS, 인터넷방송, 엔터테인먼트사, 모바일앱개발, 소프트웨어개발, 인터넷방송, 모바일, 모바일App, 스마트폰, 아이폰, 안드로이드, 마케팅, 마케팅기획, 바이럴마케팅, 브랜딩, 소셜미디어, 시장분석, 업무제휴, 서버, 리눅스, 데이터베이스, DBA, MS-SQL, MySQL, SQL, 네트워크관리, 네트워크엔지니어, 보안관리, 보안관제, 보안기술, 서버관리자, 서버구축, 시스템운영, 정보보안, Linux, 모바일기획, 웹기획, 웹서비스기획, 정보설계, 제안·컨설팅, 컨텐츠기획, PM, UI설계, 온라인마케팅, 웹광고기획, 웹마케팅, 웹프로그래머, asp, ASP.NET, HTML, Java, MS-SQL, MySQL, php, Python, SQL, 아이폰, 안드로이드, 응용프로그래머, 전산전공, API, Application, ASP.NET, Java, Linux, Python, SQL, Windows, 시스템프로그래머, 웹접근성, 웹퍼블리셔, 웹표준, 자바스크립트, CSS, CSS3, HTML5, HTML코딩, UI·UX, 모바일UI, 웹UI, 일러스트레이터, 포토샵, CSS, HTML, UI·UX디자인, 모델링, 시스템분석, 시스템설계, 시스템엔지니어, 요구분석, DBA, PM, 데이터분석, 유지보수"
https://www.jobkorea.co.kr/Recruit/GI_Read/40817599,와디즈 주식회사,와디즈 소싱/영업 PD 카테고리별 집중 채용 (신입/경력),,
https://www.jobkorea.co.kr/Recruit/GI_Read/40767226,베스핀글로벌㈜,DBA 담당자 영입,서울,"클라우드, IT컨설팅, 데이터베이스, DBA, MySQL, Oracle"
https://www.jobkorea.co.kr/Recruit/GI_Read/40702978,메가존클라우드㈜,"Gameist Group(DB Engineer,Digital Marketing) 채용",서울,"소프트웨어개발, 솔루션, 광고기획, 마케팅, 마케팅기획, 바이럴마케팅, 소셜미디어, 시장분석, 프로모션, BM, 데이터베이스, DBA, Java, Python, SQL"
https://www.jobkorea.co.kr/Recruit/GI_Read/40755217,베스핀글로벌㈜,클라우드 보안 컨설턴트 영입,서울,"보안 컨설팅, IT컨설팅, 보안관리, 시스템운영"
https://www.jobkorea.co.kr/Recruit/GI_Read/40703088,메가존클라우드㈜,Microsoft Technology Center 채용,서울,"소프트웨어개발, 솔루션, 데이터베이스, SQL, Java, Linux, Python, SQL, 머신러닝(ML)"
https://www.jobkorea.co.kr/Recruit/GI_Read/40854765,원텍㈜,글로벌 원텍(주)과 함께할 주인공을 찾습니다.,,
https://www.jobkorea.co.kr/Recruit/GI_Read/40758644,우아한청년들,부문별 경력/신입 인재영입,,
https://www.jobkorea.co.kr/Recruit/GI_Read/40703047,메가존클라우드㈜,"AWS 기술 전문가(AWS SA,PreSales,Data,Game,Security 등) 채용",서울,"AWS, Cloud, Solutions Architect, 소프트웨어개발, 솔루션, 데이터베이스, DBA, MySQL, Oracle, 네트워크엔지니어, 보안기술, 서버구축, Linux, 인공지능(AI), 빅데이터, 사물인터넷(IoT), 머신러닝(ML)"
https://www.jobkorea.co.kr/Recruit/GI_Read/40720894,패스트파이브,[패스트파이브] QA 엔지니어,서울,"웹 서비스, QA 엔지니어, 소프트 테스팅, 부동산개발, 부동산관리, 부동산금융, 부동산서비스, 부동산운용, 검증, 테스터, QA, 모바일기획, 사용자평가, 웹기획, 웹서비스기획, UI설계, 소프트웨어"
https://www.jobkorea.co.kr/Recruit/GI_Read/40888346,현대자동차㈜,현대자동차 방송콘텐츠 제작 전문가 채용,,
https://www.jobkorea.co.kr/Recruit/GI_Read/40855258,현대자동차㈜,현대자동차 품질본부 경력 채용,,
https://www.jobkorea.co.kr/Recruit/GI_Read/40404815,엘지유플러스,Cloud기술 경력사원 상시 모집 - 공통플랫폼,서울,"서버구축, 컨텐츠개발"
https://www.jobkorea.co.kr/Recruit/GI_Read/40856274,목원대학교,2023학년도 목원대학교 신규직원 채용 공고,,
https://www.jobkorea.co.kr/Recruit/GI_Read/40559718,㈜메디카코리아,제약회사 전산팀 웹개발자 모집,서울,"의료, 제약, 의약품"
https://www.jobkorea.co.kr/Recruit/GI_Read/40838413,쿠팡 주식회사,전국 플렉스 어시스턴트(현장 운영/관리) 대규모 채용,,
https://www.jobkorea.co.kr/Recruit/GI_Read/40830571,아름다운가게,아름다운가게 2023년 상반기 상근활동가 모집,,
https://www.jobkorea.co.kr/Recruit/GI_Read/40524244,㈜모두투어 네트워크,IT본부 시스템개발 경력사원 모집,서울,".NET, 응용프로그래머, C#, SQL, 시스템프로그래머"
https://www.jobkorea.co.kr/Recruit/GI_Read/40311836,소프트캠프㈜,"Cloud시스템 운영직원 모집 (Cloud운영팀 / 신입, 경력)",경기,"Public Cloud서비스 구성, Kubernetes 기반 운영, CI/CD 구성 및 모니터링, 보안소프트웨어"
https://www.jobkorea.co.kr/Recruit/GI_Read/40758644,우아한청년들,부문별 경력/신입 인재영입,,
https://www.jobkorea.co.kr/Recruit/GI_Read/40855258,현대자동차㈜,현대자동차 품질본부 경력 채용,,
https://www.jobkorea.co.kr/Recruit/GI_Read/40523699,㈜모두투어 네트워크,IT본부 웹개발 경력사원 모집,서울,"MS-SQL, 웹프로그래머, ASP.NET, MySQL, C#"
https://www.jobkorea.co.kr/Recruit/GI_Read/40828940,㈜비에이치,2023년 BH그룹 신입사원 공개채용,,
https://www.jobkorea.co.kr/Recruit/GI_Read/40893413,에스엠상선㈜건설부문,"SM그룹 건설부문 인력 채용 (건축,토목,기계,사업,농장관리,안전)",,
https://www.jobkorea.co.kr/Recruit/GI_Read/40404709,엘지유플러스,Cloud기술 경력사원 상시 모집,서울,"서버구축, 컨텐츠개발"
https://www.jobkorea.co.kr/Recruit/GI_Read/40800390,한전에프엠에스㈜,한전에프엠에스/한전FMS 2023년 제 2차 직원 채용 공고,,
https://www.jobkorea.co.kr/Recruit/GI_Read/40877005,㈜파라다이스세가사미,파라다이스시티 대규모 공개채용 (신입/경력),,
https://www.jobkorea.co.kr/Recruit/GI_Read/40868098,㈜한국직무능력평가연구소,2023년 (주)한국직무능력평가연구소 정규직 수시채용,,
https://www.jobkorea.co.kr/Recruit/GI_Read/40521948,코맥스,R&D 연구직 경력 채용(클라우드 플랫폼 개발/운영),경기,"SI, MySQL, SQL, 안드로이드, API, Application, C, C++, Java, Python, 인공지능(AI), 빅데이터, 사물인터넷(IoT), 머신러닝(ML), 딥러닝, R, 소프트웨어, 회로설계, PCB"
https://www.jobkorea.co.kr/Recruit/GI_Read/40389240,엘지유플러스,AI 분야 상시 채용(MLOps 개발),서울,"기술연구, 데이터모델링, kafka, SLT, icassp, SQL, 웹서비스기획, C, C++, Java, Python, Python, 인공지능(AI), 빅데이터, 머신러닝(ML), 딥러닝, tensorflow, 데이터분석, 자연어처리(NLP)"
https://www.jobkorea.co.kr/Recruit/GI_Read/40408591,두나무,[두나무] 업무연속성(BCP) 관리 담당자,서울,"ISMS, 정보 보호, 리스크 관리 전문가, 컨텐츠, 정보보안"
https://www.jobkorea.co.kr/Recruit/GI_Read/40508013,코맥스,R&D 연구직 신입/경력/병역특례 채용,경기,"SI, MySQL, SQL, 안드로이드, API, Application, C, C++, Java, Python, 인공지능(AI), 빅데이터, 사물인터넷(IoT), 머신러닝(ML), 딥러닝, R, 소프트웨어, 회로설계, PCB"
https://www.jobkorea.co.kr/Recruit/GI_Read/40388749,엘지유플러스,AI 분야 상시 채용,서울,"기술연구, 데이터모델링, kafka, SLT, icassp, SQL, 웹서비스기획, C, C++, Java, Python, Python, 인공지능(AI), 빅데이터, 머신러닝(ML), 딥러닝, tensorflow, 데이터분석, 자연어처리(NLP)"
https://www.jobkorea.co.kr/Recruit/GI_Read/40387826,엘지유플러스,빅데이터 분야 상시 채용,서울,"AWS, 데이터베이스, SQL, 데이터마이닝, 네트워크관리, 모델링, 빅데이터, 머신러닝(ML), 딥러닝"
https://www.jobkorea.co.kr/Recruit/GI_Read/40431379,인카금융서비스㈜,"IT 개발 및 DBA, 인프라 인력 대규모채용 (DBA, 개발, 인프라)",서울,"데이터베이스, 백엔드, 인카금융서비스, 프론트엔드, DBMS, FrameWork, GA, OS, React, Spring Framework, 보험영업, 손해보험, 화재보험, 소프트웨어개발, 솔루션, 네트워크보안, 정보보안, Oracle, 데이터베이스, DBA, Oracle, 네트워크관리, 서버관리자, 서버구축, 시스템운영, Linux, 웹기획, 웹서비스기획, 컨텐츠기획, UI설계, 웹프로그래머, Java, php, Python, Java, Linux, Oracle, WAS, 웹표준, UI·UX, 시스템분석, 시스템설계, 시스템엔지니어, DBA"
https://www.jobkorea.co.kr/Recruit/GI_Read/40521836,코맥스,"R&D 연구직 병역특례 채용(클라우드, 빅데이터)",경기,"SI, MySQL, SQL, 안드로이드, API, Application, C, C++, Java, Python, 인공지능(AI), 빅데이터, 사물인터넷(IoT), 머신러닝(ML), 딥러닝, R, 소프트웨어, 회로설계, PCB"
https://www.jobkorea.co.kr/Recruit/GI_Read/40234521,㈜데이타솔루션,부문별 신입·경력사원 채용 공고,서울,"모바일앱개발, 소프트웨어개발, 솔루션, asp, BI, 네트워크엔지니어, 서버구축, 시스템운영, HTML, Java, SQL, Java, SQL, WAS"
https://www.jobkorea.co.kr/Recruit/GI_Read/40389040,엘지유플러스,AI 분야 상시 채용(AICC 기술 PL),서울,"기술연구, 데이터모델링, kafka, SLT, icassp, SQL, 웹서비스기획, C, C++, Java, Python, Python, 인공지능(AI), 빅데이터, 머신러닝(ML), 딥러닝, tensorflow, 데이터분석, 자연어처리(NLP)"
https://www.jobkorea.co.kr/Recruit/GI_Read/40388996,엘지유플러스,"빅데이터 분야 상시 채용(Data Engineer(DE), Cloud Architect))",서울,"AWS, 데이터베이스, SQL, 데이터마이닝, 네트워크관리, 모델링, 빅데이터, 머신러닝(ML), 딥러닝"
https://www.jobkorea.co.kr/Recruit/GI_Read/40511001,듀폰코리아㈜,Data Engineer,충남 외,"디스플레이, 반도체, 반도체장비, 반도체, 에너지, 화학, 환경"
https://www.jobkorea.co.kr/Recruit/GI_Read/40448362,메가존클라우드㈜,"K-Cloud 기술 전문가(SA, PreSales)채용",서울,"서버 구축, 서버 엔지니어, 클라우드, Database, presales, Solutions Architect, 소프트웨어개발, 솔루션, Linux, Windows, Python, 안드로이드, 응용프로그래머, Application, Python, Windows"
https://www.jobkorea.co.kr/Recruit/GI_Read/40358332,트위그팜,트위그팜 인공지능 연구원 모집,서울,"소프트웨어개발, 솔루션, 인공지능(AI), 머신러닝(ML), 딥러닝, 자연어처리(NLP)"
